student_id,content,wording
000000ffffff,-1.2749120507647267,-1.1360100542244964
222222cccccc,-1.1982797376422405,-1.0225033638780752
111111eeeeee,-1.2749120507647267,-1.1360100542244964
333333dddddd,-1.1982797376422405,-1.0225033638780752
