student_id,content,wording
000000ffffff,-1.750942546699764,-0.7015027816614638
222222cccccc,-1.3744435333564515,-1.4132898848254702
111111eeeeee,-1.750942546699764,-0.7015027816614638
333333dddddd,-1.3650246717165508,-0.894196122393416
